{
  "num_experiments": 28,
  "total_samples": 702848,
  "total_anomalies": 92084,
  "overall_anomaly_ratio": 0.13101552540520853,
  "combined_confusion_matrix": {
    "tp": 56873,
    "fp": 48833,
    "tn": 561931,
    "fn": 35211
  },
  "final_metrics": {
    "auc": 0.7728822533503803,
    "aupr": 0.426143712845451,
    "f1": 0.5750846857778451,
    "precision": 0.5380300077573648,
    "recall": 0.6176208679032188
  },
  "individual_metric_stats": {
    "auc": {
      "mean": 0.8490561370517172,
      "std": 0.10029150322654791,
      "min": 0.6640989953477225,
      "max": 0.9958399345162653
    },
    "aupr": {
      "mean": 0.6373097448697329,
      "std": 0.18362051127953372,
      "min": 0.3104724504028807,
      "max": 0.972797674428686
    },
    "f1": {
      "mean": 0.6152903235824135,
      "std": 0.1699079918516783,
      "min": 0.35084175084175084,
      "max": 0.9719101123595505
    },
    "precision": {
      "mean": 0.6681534383758873,
      "std": 0.21675768622834488,
      "min": 0.22372517444981213,
      "max": 0.9829545454545454
    },
    "recall": {
      "mean": 0.63345686260787,
      "std": 0.1884048525984401,
      "min": 0.25172699640784746,
      "max": 0.9611111111111111
    }
  },
  "individual_results": [
    {
      "machine_file": "machine-1-1",
      "num_samples": 28280,
      "num_anomalies": 4286,
      "anomaly_ratio": 0.15155586987270156,
      "auc": 0.9865811695185422,
      "aupr": 0.9576701735074193,
      "f1": 0.9054242002781642,
      "precision": 0.8995854444956242,
      "recall": 0.9113392440503967
    },
    {
      "machine_file": "machine-1-2",
      "num_samples": 23495,
      "num_anomalies": 2455,
      "anomaly_ratio": 0.10449031708874229,
      "auc": 0.9214469190679377,
      "aupr": 0.7016566396143427,
      "f1": 0.662652800583835,
      "precision": 0.6001321877065433,
      "recall": 0.7397148676171079
    },
    {
      "machine_file": "machine-1-3",
      "num_samples": 23504,
      "num_anomalies": 3205,
      "anomaly_ratio": 0.13635976855003404,
      "auc": 0.8007349255002763,
      "aupr": 0.3732332315995908,
      "f1": 0.4413102820746133,
      "precision": 0.34723465187041347,
      "recall": 0.6053042121684867
    },
    {
      "machine_file": "machine-1-4",
      "num_samples": 23508,
      "num_anomalies": 3108,
      "anomaly_ratio": 0.13221031138335887,
      "auc": 0.7169508715648422,
      "aupr": 0.4132773248391672,
      "f1": 0.46020829239536254,
      "precision": 0.591115598182736,
      "recall": 0.3767696267696268
    },
    {
      "machine_file": "machine-1-5",
      "num_samples": 23507,
      "num_anomalies": 1493,
      "anomaly_ratio": 0.0635129961288127,
      "auc": 0.9815393613915908,
      "aupr": 0.8716723423337334,
      "f1": 0.7982697601258357,
      "precision": 0.9666666666666667,
      "recall": 0.679839249832552
    },
    {
      "machine_file": "machine-1-6",
      "num_samples": 23490,
      "num_anomalies": 9458,
      "anomaly_ratio": 0.40263942103022565,
      "auc": 0.7190618005294005,
      "aupr": 0.7126817556626333,
      "f1": 0.5892375067490552,
      "precision": 0.6810428511995562,
      "recall": 0.519242968915204
    },
    {
      "machine_file": "machine-1-7",
      "num_samples": 23498,
      "num_anomalies": 4791,
      "anomaly_ratio": 0.20388969273980764,
      "auc": 0.9306389505000695,
      "aupr": 0.7778750955514383,
      "f1": 0.7293012331180271,
      "precision": 0.833780880773362,
      "recall": 0.6480901690670007
    },
    {
      "machine_file": "machine-1-8",
      "num_samples": 23500,
      "num_anomalies": 4551,
      "anomaly_ratio": 0.1936595744680851,
      "auc": 0.7771719272976176,
      "aupr": 0.6466037855690485,
      "f1": 0.5804180418041804,
      "precision": 0.5811852831020049,
      "recall": 0.5796528235552626
    },
    {
      "machine_file": "machine-2-1",
      "num_samples": 23495,
      "num_anomalies": 3757,
      "anomaly_ratio": 0.15990636305596936,
      "auc": 0.8984589188370312,
      "aupr": 0.6127091663915112,
      "f1": 0.6501619620546044,
      "precision": 0.5749948843871496,
      "recall": 0.7479371839233431
    },
    {
      "machine_file": "machine-2-2",
      "num_samples": 23501,
      "num_anomalies": 4933,
      "anomaly_ratio": 0.209905961448449,
      "auc": 0.8020114678877047,
      "aupr": 0.5307678514326287,
      "f1": 0.5380530973451327,
      "precision": 0.4134029590948651,
      "recall": 0.7703223190756132
    },
    {
      "machine_file": "machine-2-3",
      "num_samples": 23490,
      "num_anomalies": 2189,
      "anomaly_ratio": 0.09318859088974031,
      "auc": 0.951210529818324,
      "aupr": 0.7482856921366783,
      "f1": 0.6907521017950466,
      "precision": 0.6871609403254972,
      "recall": 0.6943809958885335
    },
    {
      "machine_file": "machine-2-4",
      "num_samples": 23490,
      "num_anomalies": 5568,
      "anomaly_ratio": 0.23703703703703705,
      "auc": 0.7989496180046486,
      "aupr": 0.6730918134489281,
      "f1": 0.5737483085250338,
      "precision": 0.9105818039828192,
      "recall": 0.4188218390804598
    },
    {
      "machine_file": "machine-2-5",
      "num_samples": 23490,
      "num_anomalies": 4914,
      "anomaly_ratio": 0.20919540229885059,
      "auc": 0.90669119098275,
      "aupr": 0.7547334721099861,
      "f1": 0.6409691629955947,
      "precision": 0.8038674033149171,
      "recall": 0.532967032967033
    },
    {
      "machine_file": "machine-2-6",
      "num_samples": 28544,
      "num_anomalies": 1821,
      "anomaly_ratio": 0.06379624439461884,
      "auc": 0.9195356317193438,
      "aupr": 0.5535292407982014,
      "f1": 0.4692499111269108,
      "precision": 0.6653225806451613,
      "recall": 0.3624382207578254
    },
    {
      "machine_file": "machine-2-7",
      "num_samples": 23497,
      "num_anomalies": 4318,
      "anomaly_ratio": 0.18376814061369537,
      "auc": 0.6640989953477225,
      "aupr": 0.39584607075504213,
      "f1": 0.35827212747416903,
      "precision": 0.2449778685733742,
      "recall": 0.666512274201019
    },
    {
      "machine_file": "machine-2-8",
      "num_samples": 23504,
      "num_anomalies": 360,
      "anomaly_ratio": 0.01531654186521443,
      "auc": 0.9958399345162653,
      "aupr": 0.972797674428686,
      "f1": 0.9719101123595505,
      "precision": 0.9829545454545454,
      "recall": 0.9611111111111111
    },
    {
      "machine_file": "machine-2-9",
      "num_samples": 28523,
      "num_anomalies": 3647,
      "anomaly_ratio": 0.12786172562493425,
      "auc": 0.9843083167696859,
      "aupr": 0.904432993130537,
      "f1": 0.8728133631461265,
      "precision": 0.8387259858442871,
      "recall": 0.9097888675623801
    },
    {
      "machine_file": "machine-3-1",
      "num_samples": 28501,
      "num_anomalies": 1104,
      "anomaly_ratio": 0.03873548296550998,
      "auc": 0.8449726789614647,
      "aupr": 0.6483608209722498,
      "f1": 0.6672275978123685,
      "precision": 0.6229379418695994,
      "recall": 0.7182971014492754
    },
    {
      "machine_file": "machine-3-2",
      "num_samples": 23504,
      "num_anomalies": 2671,
      "anomaly_ratio": 0.11364023144996596,
      "auc": 0.751180929415275,
      "aupr": 0.4546857226987804,
      "f1": 0.43615075009147464,
      "precision": 0.4264758497316637,
      "recall": 0.44627480344440285
    },
    {
      "machine_file": "machine-3-3",
      "num_samples": 23504,
      "num_anomalies": 5732,
      "anomaly_ratio": 0.24387338325391422,
      "auc": 0.7407388995980568,
      "aupr": 0.44791303952083517,
      "f1": 0.5093667931135103,
      "precision": 0.3827063053582391,
      "recall": 0.7613398464759247
    },
    {
      "machine_file": "machine-3-4",
      "num_samples": 23488,
      "num_anomalies": 2514,
      "anomaly_ratio": 0.10703337874659401,
      "auc": 0.8897457351257863,
      "aupr": 0.6102888376349273,
      "f1": 0.5608108108108107,