{
  "final_metrics": {
    "auc": 0.6491988286989525,
    "aupr": 0.29087052528688145,
    "f1": 0.4674439652877603,
    "precision": 0.36606212215968315,
    "recall": 0.6464914218393344
  },
  "combined_confusion_matrix": {
    "tp": "8780",
    "fp": "15205",
    "tn": "39570",
    "fn": "4801"
  },
  "individual_metric_stats": {
    "auc": {
      "mean": 0.7133898309049309,
      "std": 0.1990567659143034,
      "min": 0.18594310987201085,
      "max": 0.999934639098891,
      "count": 27
    },
    "aupr": {
      "mean": 0.4640971783857477,
      "std": 0.29628109284664267,
      "min": 0.07415824926892925,
      "max": 0.9998809563249836,
      "count": 27
    },
    "f1": {
      "mean": 0.5140552536735603,
      "std": 0.24508977742823435,
      "min": 0.04385277995301488,
      "max": 0.9937106918238994,
      "count": 27
    },
    "precision": {
      "mean": 0.4792124919946317,
      "std": 0.31031178486712435,
      "min": 0.027750247770069375,
      "max": 1.0,
      "count": 27
    },
    "recall": {
      "mean": 0.66348593559449,
      "std": 0.21619384516699625,
      "min": 0.1044776119402985,
      "max": 1.0,
      "count": 27
    }
  },
  "num_experiments": 27,
  "num_entities": 27,
  "total_samples": 68356,
  "total_anomalies": 13581,
  "overall_anomaly_ratio": 0.19868043770846744,
  "individual_results": [
    {
      "filename": "C-1",
      "feature_dim": 55,
      "auc": 0.6738699023346137,
      "aupr": 0.37543671153284824,
      "f1": 0.48997493734335845,
      "precision": 0.37887596899224807,
      "recall": 0.6932624113475178,
      "num_samples": 2065,
      "num_anomalies": 564,
      "anomaly_ratio": 0.2731234866828087
    },
    {
      "filename": "C-2",
      "feature_dim": 55,
      "auc": 0.7172389812587372,
      "aupr": 0.6961941566282136,
      "f1": 0.6217142857142857,
      "precision": 0.8,
      "recall": 0.508411214953271,
      "num_samples": 1852,
      "num_anomalies": 535,
      "anomaly_ratio": 0.2888768898488121
    },
    {
      "filename": "D-14",
      "feature_dim": 55,
      "auc": 0.936026353599516,
      "aupr": 0.857878224201227,
      "f1": 0.7434554973821988,
      "precision": 0.922077922077922,
      "recall": 0.6228070175438597,
      "num_samples": 2426,
      "num_anomalies": 570,
      "anomaly_ratio": 0.23495465787304204
    },
    {
      "filename": "D-15",
      "feature_dim": 55,
      "auc": 0.8297907384780003,
      "aupr": 0.764236830711062,
      "f1": 0.6620795107033639,
      "precision": 0.6661538461538462,
      "recall": 0.6580547112462006,
      "num_samples": 1959,
      "num_anomalies": 658,
      "anomaly_ratio": 0.33588565594691167
    },
    {
      "filename": "D-16",
      "feature_dim": 55,
      "auc": 0.5312557947872669,
      "aupr": 0.42190732151941124,
      "f1": 0.4387865655471289,
      "precision": 0.4066265060240964,
      "recall": 0.4764705882352941,
      "num_samples": 1992,
      "num_anomalies": 850,
      "anomaly_ratio": 0.4267068273092369
    },
    {
      "filename": "F-4",
      "feature_dim": 55,
      "auc": 0.8177271073986278,
      "aupr": 0.18016608924828625,
      "f1": 0.42345276872964166,
      "precision": 0.27139874739039666,
      "recall": 0.9629629629629629,
      "num_samples": 3223,
      "num_anomalies": 270,
      "anomaly_ratio": 0.08377288240769469
    },
    {
      "filename": "F-5",
      "feature_dim": 55,
      "auc": 0.8595679979670492,
      "aupr": 0.7455886636752477,
      "f1": 0.7587412587412588,
      "precision": 0.9774774774774775,
      "recall": 0.62,
      "num_samples": 3723,
      "num_anomalies": 350,
      "anomaly_ratio": 0.094010206822455
    },
    {
      "filename": "F-7",
      "feature_dim": 55,
      "auc": 0.6541527980162077,
      "aupr": 0.28268497753512634,
      "f1": 0.3706972639011474,
      "precision": 0.2648171500630517,
      "recall": 0.6176470588235294,
      "num_samples": 4855,
      "num_anomalies": 1020,
      "anomaly_ratio": 0.21009268795056643
    },
    {
      "filename": "F-8",
      "feature_dim": 55,
      "auc": 0.6053018918691846,
      "aupr": 0.26791644274004256,
      "f1": 0.4120234604105572,
      "precision": 0.33978234582829503,
      "recall": 0.5232774674115456,
      "num_samples": 2288,
      "num_anomalies": 537,
      "anomaly_ratio": 0.23470279720279721
    },
    {
      "filename": "M-1",
      "feature_dim": 55,
      "auc": 0.18594310987201085,
      "aupr": 0.39556780508468337,
      "f1": 0.27379873073436084,
      "precision": 0.2906641000962464,
      "recall": 0.258783204798629,
      "num_samples": 2078,
      "num_anomalies": 1167,
      "anomaly_ratio": 0.5615976900866217
    },
    {
      "filename": "M-2",
      "feature_dim": 55,
      "auc": 0.9352543463354206,
      "aupr": 0.9659188478790619,
      "f1": 0.9410698096101541,
      "precision": 0.9990375360923965,
      "recall": 0.8894601542416453,
      "num_samples": 2078,
      "num_anomalies": 1167,
      "anomaly_ratio": 0.5615976900866217
    },
    {
      "filename": "M-3",
      "feature_dim": 55,
      "auc": 0.8420854006916253,
      "aupr": 0.6348579763848428,
      "f1": 0.6186504927975739,
      "precision": 0.46950517836593786,
      "recall": 0.9066666666666666,
      "num_samples": 1928,
      "num_anomalies": 450,
      "anomaly_ratio": 0.23340248962655602
    },
    {
      "filename": "M-4",
      "feature_dim": 55,
      "auc": 0.7214158867290617,
      "aupr": 0.4711730967192851,
      "f1": 0.5157048940832725,
      "precision": 0.38411316648531013,
      "recall": 0.7844444444444445,
      "num_samples": 1839,
      "num_anomalies": 450,
      "anomaly_ratio": 0.24469820554649266
    },
    {
      "filename": "M-5",
      "feature_dim": 55,
      "auc": 0.6859451371571074,
      "aupr": 0.29711455163214795,
      "f1": 0.5283505154639175,
      "precision": 0.3897338403041825,
      "recall": 0.82,
      "num_samples": 2104,
      "num_anomalies": 500,
      "anomaly_ratio": 0.2376425855513308
    },
    {
      "filename": "M-6",
      "feature_dim": 55,
      "auc": 0.9957357958782403,
      "aupr": 0.9769896568640907,
      "f1": 0.9503916449086162,
      "precision": 0.9891304347826086,
      "recall": 0.914572864321608,
      "num_samples": 1850,
      "num_anomalies": 199,
      "anomaly_ratio": 0.10756756756756757
    },
    {
      "filename": "M-7",
      "feature_dim": 55,
      "auc": 0.9634681150673908,
      "aupr": 0.9106400995383166,
      "f1": 0.874296435272045,
      "precision": 1.0,
      "recall": 0.7766666666666666,
      "num_samples": 1957,
      "num_anomalies": 300,
      "anomaly_ratio": 0.1532958610117527
    },
    {
      "filename": "P-10",
      "feature_dim": 55,
      "auc": 0.8120412525905256,
      "aupr": 0.1343440508945179,
      "f1": 0.3264642082429501,
      "precision": 0.19881109643328929,
      "recall": 0.9121212121212121,
      "num_samples": 5901,
      "num_anomalies": 330,
      "anomaly_ratio": 0.05592272496187087
    },
    {
      "filename": "P-11",
      "feature_dim": 55,
      "auc": 0.5933343550687903,
      "aupr": 0.24283817466826302,
      "f1": 0.3673664122137405,
      "precision": 0.2619047619047619,
      "recall": 0.6150159744408946,
      "num_samples": 3336,
      "num_anomalies": 626,
      "anomaly_ratio": 0.18764988009592326
    },
    {
      "filename": "P-14",
      "feature_dim": 55,
      "auc": 0.8198109610196475,
      "aupr": 0.1823644663450169,
      "f1": 0.3536842105263158,
      "precision": 0.22105263157894736,
      "recall": 0.8842105263157894,
      "num_samples": 5901,
      "num_anomalies": 380,
      "anomaly_ratio": 0.06439586510760888
    },
    {
      "filename": "P-15",
      "feature_dim": 55,
      "auc": 0.4672436303950461,
      "aupr": 0.07415824926892925,
      "f1": 0.10594315245478035,
      "precision": 0.061746987951807226,
      "recall": 0.37272727272727274,
      "num_samples": 2657,
      "num_anomalies": 220,