Metric,Value
AUC,0.6812971281440464
AU-PR,0.21832864933683616
F1,0.3468005250555728
Precision,0.2695983919268163
Recall,0.4859598853868195
FPR,0.13904154651995915
