{
  "num_experiments": 9,
  "total_samples": 23867,
  "total_anomalies": 3662,
  "overall_anomaly_ratio": 0.15343361126241253,
  "combined_confusion_matrix": {
    "tp": 2214,
    "fp": 1680,
    "tn": 18525,
    "fn": 1448
  },
  "final_metrics": {
    "auc": 0.6941895678525047,
    "aupr": 0.5171553708475702,
    "f1": 0.5860243515087348,
    "precision": 0.5685670261941448,
    "recall": 0.604587657018023
  },
  "individual_metric_stats": {
    "auc": {
      "mean": 0.763542338243695,
      "std": 0.11865668485939672,
      "min": 0.5559535717188997,
      "max": 0.89530853761623
    },
    "aupr": {
      "mean": 0.6279617913751522,
      "std": 0.16103087680331332,
      "min": 0.2871804110619765,
      "max": 0.8527924019321074
    },
    "f1": {
      "mean": 0.6269294532083465,
      "std": 0.13444148258684493,
      "min": 0.39092495636998253,
      "max": 0.821656050955414
    },
    "precision": {
      "mean": 0.7450545722906863,
      "std": 0.2695950561749293,
      "min": 0.26645519429024583,
      "max": 1.0
    },
    "recall": {
      "mean": 0.6213366862094336,
      "std": 0.14024239112030598,
      "min": 0.3477508650519031,
      "max": 0.8041237113402062
    }
  },
  "individual_results": [
    {
      "ecg_file": "chfdb_chf01_275",
      "num_samples": 1642,
      "num_anomalies": 468,
      "anomaly_ratio": 0.2850182704019488,
      "auc": 0.7529721603401331,
      "aupr": 0.7105615585181413,
      "f1": 0.6676136363636362,
      "precision": 0.9957627118644068,
      "recall": 0.5021367521367521
    },
    {
      "ecg_file": "chfdb_chf13_45590",
      "num_samples": 1088,
      "num_anomalies": 358,
      "anomaly_ratio": 0.3290441176470588,
      "auc": 0.8573123134613914,
      "aupr": 0.8527924019321074,
      "f1": 0.821656050955414,
      "precision": 0.9555555555555556,
      "recall": 0.7206703910614525
    },
    {
      "ecg_file": "chfdbchf15",
      "num_samples": 3149,
      "num_anomalies": 348,
      "anomaly_ratio": 0.11051127342013338,
      "auc": 0.7996312893178544,
      "aupr": 0.6821539961988468,
      "f1": 0.7477954144620812,
      "precision": 0.9680365296803652,
      "recall": 0.6091954022988506
    },
    {
      "ecg_file": "ltstdb_20221_43",
      "num_samples": 922,
      "num_anomalies": 328,
      "anomaly_ratio": 0.3557483731019523,
      "auc": 0.592849223946785,
      "aupr": 0.49925517117288665,
      "f1": 0.48825065274151436,
      "precision": 0.4269406392694064,
      "recall": 0.5701219512195121
    },
    {
      "ecg_file": "ltstdb_20321_240",
      "num_samples": 1248,
      "num_anomalies": 338,
      "anomaly_ratio": 0.2708333333333333,
      "auc": 0.89530853761623,
      "aupr": 0.8120489355191698,
      "f1": 0.7602339181286549,
      "precision": 0.7514450867052023,
      "recall": 0.7692307692307693
    },
    {
      "ecg_file": "mitdb__100_180",
      "num_samples": 2056,
      "num_anomalies": 388,
      "anomaly_ratio": 0.188715953307393,
      "auc": 0.8556932804272046,
      "aupr": 0.5536156883887671,
      "f1": 0.5831775700934579,
      "precision": 0.4574780058651026,
      "recall": 0.8041237113402062
    },
    {
      "ecg_file": "qtdbsel102",
      "num_samples": 9683,
      "num_anomalies": 398,
      "anomaly_ratio": 0.0411029639574512,
      "auc": 0.8754445355479606,
      "aupr": 0.6488831611094348,
      "f1": 0.6666666666666666,
      "precision": 0.8838174273858921,
      "recall": 0.535175879396985
    },
    {
      "ecg_file": "stdb_308_0",
      "num_samples": 2522,
      "num_anomalies": 458,
      "anomaly_ratio": 0.18160190325138778,
      "auc": 0.686716131816797,
      "aupr": 0.2871804110619765,
      "f1": 0.39092495636998253,
      "precision": 0.26645519429024583,
      "recall": 0.7336244541484717
    },
    {
      "ecg_file": "xmitdb_x108_0",
      "num_samples": 1557,
      "num_anomalies": 578,
      "anomaly_ratio": 0.37122671804752727,
      "auc": 0.5559535717188997,
      "aupr": 0.6051647984750392,
      "f1": 0.5160462130937099,
      "precision": 1.0,
      "recall": 0.3477508650519031
    }
  ],
  "experiment_seed": 42,
  "experiment_timestamp": "20250714_182218"
}