Metric,Final_Aggregated,Individual_Mean,Individual_Std,Individual_Min,Individual_Max,Method,Seed
AUC,0.6941895678525047,0.763542338243695,0.11865668485939672,0.5559535717188997,0.89530853761623,Score_Concatenation,42
AUPR,0.5171553708475702,0.6279617913751522,0.16103087680331332,0.2871804110619765,0.8527924019321074,Score_Concatenation,42
F1,0.5860243515087348,0.6269294532083465,0.13444148258684493,0.39092495636998253,0.821656050955414,Confusion_Matrix_Sum,42
PRECISION,0.5685670261941448,0.7450545722906863,0.2695950561749293,0.26645519429024583,1.0,Confusion_Matrix_Sum,42
RECALL,0.604587657018023,0.6213366862094336,0.14024239112030598,0.3477508650519031,0.8041237113402062,Confusion_Matrix_Sum,42
