{
  "num_experiments": 12,
  "total_samples": 49452,
  "total_anomalies": 14631,
  "overall_anomaly_ratio": 0.29586265469546225,
  "combined_confusion_matrix": {
    "tp": 9754,
    "fp": 4452,
    "tn": 30369,
    "fn": 4877
  },
  "final_metrics": {
    "auc": 0.6973231931797552,
    "aupr": 0.5954135493346207,
    "f1": 0.6764920067968235,
    "precision": 0.6866112910038012,
    "recall": 0.6666666666666666
  },
  "individual_metric_stats": {
    "auc": {
      "mean": 0.7589288910706159,
      "std": 0.15450537826014982,
      "min": 0.48530291274690457,
      "max": 0.954403920248382
    },
    "aupr": {
      "mean": 0.6886876389922069,
      "std": 0.18221823435654208,
      "min": 0.43351217785021684,
      "max": 0.95615938863078
    },
    "f1": {
      "mean": 0.6506413606698279,
      "std": 0.16778928744756938,
      "min": 0.3750997605746209,
      "max": 0.932838339520756
    },
    "precision": {
      "mean": 0.7679333089590905,
      "std": 0.2050488723635547,
      "min": 0.4268214055448098,
      "max": 0.9956772334293948
    },
    "recall": {
      "mean": 0.6305397409183098,
      "std": 0.21856071066329505,
      "min": 0.2333664349553128,
      "max": 0.9651515151515152
    }
  },
  "individual_results": [
    {
      "omi_file": "omi-1",
      "num_samples": 4121,
      "num_anomalies": 1598,
      "anomaly_ratio": 0.38776995874787673,
      "auc": 0.8806454957321305,
      "aupr": 0.843926746028572,
      "f1": 0.7682003494467095,
      "precision": 0.7184095860566448,
      "recall": 0.8254067584480601
    },
    {
      "omi_file": "omi-2",
      "num_samples": 4121,
      "num_anomalies": 664,
      "anomaly_ratio": 0.16112594030575103,
      "auc": 0.6937203543709114,
      "aupr": 0.508893797168538,
      "f1": 0.5318681318681319,
      "precision": 0.983739837398374,
      "recall": 0.3644578313253012
    },
    {
      "omi_file": "omi-3",
      "num_samples": 4121,
      "num_anomalies": 1162,
      "anomaly_ratio": 0.2819703955350643,
      "auc": 0.7030357222837179,
      "aupr": 0.5581052502311887,
      "f1": 0.5388235294117647,
      "precision": 0.49495677233429397,
      "recall": 0.5912220309810671
    },
    {
      "omi_file": "omi-4",
      "num_samples": 4121,
      "num_anomalies": 1007,
      "anomaly_ratio": 0.24435816549381217,
      "auc": 0.5482682557996401,
      "aupr": 0.43351217785021684,
      "f1": 0.3750997605746209,
      "precision": 0.9552845528455285,
      "recall": 0.2333664349553128
    },
    {
      "omi_file": "omi-5",
      "num_samples": 4121,
      "num_anomalies": 1088,
      "anomaly_ratio": 0.2640135889347246,
      "auc": 0.691322383923896,
      "aupr": 0.5460264035527324,
      "f1": 0.5017051913603637,
      "precision": 0.4268214055448098,
      "recall": 0.6084558823529411
    },
    {
      "omi_file": "omi-6",
      "num_samples": 4121,
      "num_anomalies": 1879,
      "anomaly_ratio": 0.455957291919437,
      "auc": 0.5877867922799485,
      "aupr": 0.5940020486913284,
      "f1": 0.5006346788525006,
      "precision": 0.4786407766990291,
      "recall": 0.5247472059606173
    },
    {
      "omi_file": "omi-7",
      "num_samples": 4121,
      "num_anomalies": 684,
      "anomaly_ratio": 0.16597913127881583,
      "auc": 0.48530291274690457,
      "aupr": 0.4435779504720697,
      "f1": 0.5096774193548387,
      "precision": 0.9634146341463414,
      "recall": 0.34649122807017546
    },
    {
      "omi_file": "omi-8",
      "num_samples": 4121,
      "num_anomalies": 994,
      "anomaly_ratio": 0.24120359136132008,
      "auc": 0.8464023668715202,
      "aupr": 0.8211453434080154,
      "f1": 0.8250438853130485,
      "precision": 0.986013986013986,
      "recall": 0.7092555331991952
    },
    {
      "omi_file": "omi-9",
      "num_samples": 4121,
      "num_anomalies": 1575,
      "anomaly_ratio": 0.38218878912885224,
      "auc": 0.954403920248382,
      "aupr": 0.95615938863078,
      "f1": 0.932838339520756,
      "precision": 0.9956772334293948,
      "recall": 0.8774603174603175
    },
    {
      "omi_file": "omi-10",
      "num_samples": 4121,
      "num_anomalies": 1715,
      "anomaly_ratio": 0.41616112594030574,
      "auc": 0.8812931228779364,
      "aupr": 0.8686154633628921,
      "f1": 0.7596404755001449,
      "precision": 0.7554786620530565,
      "recall": 0.7638483965014577
    },
    {
      "omi_file": "omi-11",
      "num_samples": 4121,
      "num_anomalies": 1320,
      "anomaly_ratio": 0.32031060422227614,
      "auc": 0.9125448973851331,
      "aupr": 0.8408375925480641,
      "f1": 0.7969971848608071,
      "precision": 0.678742674480554,
      "recall": 0.9651515151515152
    },
    {
      "omi_file": "omi-12",
      "num_samples": 4121,
      "num_anomalies": 945,
      "anomaly_ratio": 0.22931327347731134,
      "auc": 0.9224204683272694,
      "aupr": 0.8494495059620838,
      "f1": 0.7671673819742489,
      "precision": 0.7780195865070729,
      "recall": 0.7566137566137566
    }
  ],
  "experiment_seed": 42,
  "experiment_timestamp": "20250712_220840"
}