auc,aupr,f1,precision,recall
0.796635391490697,0.9167342937833194,0.7032437442075996,0.9609929078014184,0.5545162233265127
